{
  "water_prediction_regression": {
    "rmse": 0.019601865178004444,
    "mae": 0.007139137336381881,
    "r2": 0.9887653073940609,
    "accuracy_within_50ml": 0.9627329192546584
  },
  "hydration_risk_classification": {
    "accuracy": 0.9813664596273292,
    "precision": 0.9814258967577045,
    "recall": 0.9813664596273292,
    "f1": 0.9809931915910178,
    "confusion_matrix": [
      [
        7,
        2,
        0,
        0
      ],
      [
        0,
        51,
        1,
        2
      ],
      [
        0,
        1,
        51,
        0
      ],
      [
        0,
        0,
        0,
        207
      ]
    ],
    "classification_report": {
      "0": {
        "precision": 1.0,
        "recall": 0.7777777777777778,
        "f1-score": 0.8750000000000001,
        "support": 9
      },
      "1": {
        "precision": 0.9444444444444444,
        "recall": 0.9444444444444444,
        "f1-score": 0.9444444444444444,
        "support": 54
      },
      "2": {
        "precision": 0.9807692307692307,
        "recall": 0.9807692307692307,
        "f1-score": 0.9807692307692307,
        "support": 52
      },
      "3": {
        "precision": 0.9904306220095693,
        "recall": 1.0,
        "f1-score": 0.9951923076923077,
        "support": 207
      },
      "accuracy": 0.9813664596273292,
      "macro avg": {
        "precision": 0.9789110743058111,
        "recall": 0.9257478632478633,
        "f1-score": 0.9488514957264957,
        "support": 322
      },
      "weighted avg": {
        "precision": 0.9814258967577045,
        "recall": 0.9813664596273292,
        "f1-score": 0.9809931915910178,
        "support": 322
      }
    }
  }
}