{
  "regression": {
    "rmse": 0.07547605339399453,
    "mae": 0.06058298644785311,
    "r2": 0.8480923880388465,
    "accuracy_\u00b150ml": 1.0
  },
  "hydration_classification": {
    "accuracy": 0.8354037267080745,
    "precision": 0.8487228305336777,
    "recall": 0.8354037267080745,
    "f1": 0.836040974497305,
    "confusion_matrix": [
      [
        43,
        1,
        2,
        0
      ],
      [
        0,
        95,
        4,
        5
      ],
      [
        2,
        13,
        41,
        2
      ],
      [
        0,
        21,
        3,
        90
      ]
    ],
    "classification_report": {
      "0": {
        "precision": 0.9555555555555556,
        "recall": 0.9347826086956522,
        "f1-score": 0.945054945054945,
        "support": 46
      },
      "1": {
        "precision": 0.7307692307692307,
        "recall": 0.9134615384615384,
        "f1-score": 0.8119658119658119,
        "support": 104
      },
      "2": {
        "precision": 0.82,
        "recall": 0.7068965517241379,
        "f1-score": 0.7592592592592593,
        "support": 58
      },
      "3": {
        "precision": 0.9278350515463918,
        "recall": 0.7894736842105263,
        "f1-score": 0.8530805687203792,
        "support": 114
      },
      "accuracy": 0.8354037267080745,
      "macro avg": {
        "precision": 0.8585399594677945,
        "recall": 0.8361535957729638,
        "f1-score": 0.8423401462500989,
        "support": 322
      },
      "weighted avg": {
        "precision": 0.8487228305336777,
        "recall": 0.8354037267080745,
        "f1-score": 0.836040974497305,
        "support": 322
      }
    }
  },
  "disease_classification": {
    "accuracy": 0.9813664596273292,
    "precision": 0.9812550572454071,
    "recall": 0.9813664596273292,
    "f1": 0.9812506161885043,
    "confusion_matrix": [
      [
        67,
        0,
        2,
        0,
        2
      ],
      [
        0,
        36,
        0,
        0,
        0
      ],
      [
        2,
        0,
        28,
        0,
        0
      ],
      [
        0,
        0,
        0,
        6,
        0
      ],
      [
        0,
        0,
        0,
        0,
        179
      ]
    ],
    "classification_report": {
      "0": {
        "precision": 0.9710144927536232,
        "recall": 0.9436619718309859,
        "f1-score": 0.9571428571428571,
        "support": 71
      },
      "1": {
        "precision": 1.0,
        "recall": 1.0,
        "f1-score": 1.0,
        "support": 36
      },
      "2": {
        "precision": 0.9333333333333333,
        "recall": 0.9333333333333333,
        "f1-score": 0.9333333333333333,
        "support": 30
      },
      "3": {
        "precision": 1.0,
        "recall": 1.0,
        "f1-score": 1.0,
        "support": 6
      },
      "4": {
        "precision": 0.988950276243094,
        "recall": 1.0,
        "f1-score": 0.9944444444444445,
        "support": 179
      },
      "accuracy": 0.9813664596273292,
      "macro avg": {
        "precision": 0.9786596204660102,
        "recall": 0.9753990610328639,
        "f1-score": 0.9769841269841268,
        "support": 322
      },
      "weighted avg": {
        "precision": 0.9812550572454071,
        "recall": 0.9813664596273292,
        "f1-score": 0.9812506161885043,
        "support": 322
      }
    }
  }
}