{
  "model": "ResNet-18 (Lip Hydration Classification)",
  "classes": [
    "Dehydrate",
    "Normal"
  ],
  "accuracy": 0.7777777777777778,
  "precision": 0.8193979933110368,
  "recall": 0.7777777777777778,
  "f1_score": 0.7890909090909091,
  "confusion_matrix": [
    [
      7,
      2
    ],
    [
      6,
      21
    ]
  ],
  "classification_report": {
    "Dehydrate": {
      "precision": 0.5384615384615384,
      "recall": 0.7777777777777778,
      "f1-score": 0.6363636363636364,
      "support": 9
    },
    "Normal": {
      "precision": 0.9130434782608695,
      "recall": 0.7777777777777778,
      "f1-score": 0.84,
      "support": 27
    },
    "accuracy": 0.7777777777777778,
    "macro avg": {
      "precision": 0.725752508361204,
      "recall": 0.7777777777777778,
      "f1-score": 0.7381818181818182,
      "support": 36
    },
    "weighted avg": {
      "precision": 0.8193979933110368,
      "recall": 0.7777777777777778,
      "f1-score": 0.7890909090909091,
      "support": 36
    }
  }
}