{
  "RandomForest_Regressor": {
    "RMSE": 0.019513479775505497,
    "MAE": 0.0070458330279688655,
    "R2": 0.988866394114548
  },
  "GradientBoosting_Regressor": {
    "RMSE": 0.010529511436327483,
    "MAE": 0.006165058735850151,
    "R2": 0.9967582252159661
  }
}