{
  "regression": {
    "mse": 0.0003842331184566632,
    "rmse": 0.019601865178004444,
    "mae": 0.007139137336381881,
    "r2": 0.9887653073940609,
    "mape": 0.6074456780763682
  },
  "hydration_classification": {
    "accuracy": 0.9813664596273292,
    "precision": 0.9814258967577045,
    "recall": 0.9813664596273292,
    "f1": 0.9809931915910178,
    "confusion_matrix": [
      [
        7,
        2,
        0,
        0
      ],
      [
        0,
        51,
        1,
        2
      ],
      [
        0,
        1,
        51,
        0
      ],
      [
        0,
        0,
        0,
        207
      ]
    ],
    "cv_accuracy_mean": 0.9657859017283504,
    "cv_accuracy_std": 0.005715215578792552
  }
}